1,I heckin love Spider-Man!
2,I heckin love marvel movies!
3,I heckin love science videos even I dont understand anything!
4,I heckin love science videos!
5,I heckin love reacting to videos!
6,I heckin love Tik-Tok!
7,I heckin love communism!
8,I heckin love socialism!
9,I heckin love buying apple products!
10,I heckin love buying nintendo products!
11,I heckin love buying lego products!"
12,I heckin love when the protagonist is a strong manly woman!
13,I heckin love Star Wars!
14,I heckin love super heroes movies!
15,I heckin love being a reddit user!
16,I heckin love being a reddit moderator!
17,I heckin love crypto!
18,I heckin love bitcoin!
19,I heckin love dogecoin!
20,I heckin love politics!
21,I heckin love Elon Musk!
22,I heckin love Tesla!
23,I heckin love SpaceX!
24,I heckin love LiveStreamFails!
25,I heckin love japan culture!
27,I heckin love watching anime!
28,I heckin love being vaccined 6 times!
29,I heckin love being overly pretentious and overhyped over little things!
30,I heckin love nintendo games!
31,BAAAAAAAAAT!
32,Batchest related subreddit. Batchest mixes, news, big plays, tilts. Everything that is somewhat related to Batchest.
33,Wowzers!
34,That's hecking epic!
35,But the chills!
36,I hecking love it!